Unique ID,Revised Name,Unique ID,Code,Category,Pieces,Quantity,Unit,Supplier,Remarks
1,10MM STATER (DMC) 11/18 (EV-903),,,10MM DOL STATER (DMC),20,,BOX,VIRAT BANGLORE OFFICE,
2,10MM STATER (DMC) 13/22 (EV-903),,,10MM DOL STATER (DMC),20,,BOX,VIRAT BANGLORE OFFICE,
3,10MM STATER (DMC) 20/32 (EV-904),,(EV-904),10MM DOL STATER (DMC),20,,BOX,,
4,10MM STATER (DMC) 4/6 (EV-903),,(EV-903),10MM DOL STATER (DMC),20,,BOX,VIRAT BANGLORE OFFICE,
5,10MM STATER (DMC) 6/10 (EV-903),,,10MM DOL STATER (DMC),20,,BOX,VIRAT BANGLORE OFFICE,
6,10MM STATER (DMC) 9/14 (EV-903),,,10MM DOL STATER (DMC),20,,BOX,VIRAT BANGLORE OFFICE,
7,8MM DOL STATER (B) 1/2.5 (EV-901),,(EV-901),8MM DOL STATER (B),20,,BOX,VIRAT BANGLORE OFFICE,
8,8MM DOL STATER (B) 11/18 (EV-901),,,8MM DOL STATER (B),20,,BOX,VIRAT BANGLORE OFFICE,
9,8MM DOL STATER (B) 13/22 (EV-901),,,8MM DOL STATER (B),20,,BOX,,
10,8MM DOL STATER (B) 20/32 (EV-902),,(EV-902),8MM DOL STATER (B),20,,BOX,,
11,8MM DOL STATER (B) 4/6 (EV-901),,,8MM DOL STATER (B),20,,BOX,VIRAT BANGLORE OFFICE,
12,8MM DOL STATER (B) 9/14 (EV-901),,,8MM DOL STATER (B),20,,BOX,VIRAT BANGLORE OFFICE,
13,8MM DOL STATER (B) 6/10 (EV-901),,,8MM DOL STATER (B),20,,BOX,VIRAT BANGLORE OFFICE,
14,ASSEMBLED PCB 1 /2PH AUTO (ST-009-020),,(ST-009-020),ASSEMBLED PCB,1,,PCS,ALFA ELECTRICAL,
15,ASSEMBLED PCB DOL (ST-009-026),,(ST-009-026),ASSEMBLED PCB,1,,PCS,SIMFISIS TECHNOLOGY(EASY SOLUTION),
16,ASSEMBLED PCB FA (ST-009-022),,(ST-009-022),ASSEMBLED PCB,1,,PCS,ALFA ELECTRICAL,
17,ASSEMBLED PCB METER (ST-009-039),,(ST-009-039),ASSEMBLED PCB,1,,PCS,SIMFISIS TECHNOLOGY(EASY SOLUTION),
18,ASSEMBLED PCB MINI (ST-009-024),,(ST-009-024),ASSEMBLED PCB,1,,PCS,ALFA ELECTRICAL,
19,ASSEMBLED PCB S+S (ST-009-025),,(ST-009-025),ASSEMBLED PCB,1,,PCS,ALFA ELECTRICAL,
20,ASSEMBLED PCB SEMI AUTO (ST-009-015),,(ST-009-015),ASSEMBLED PCB,1,,PCS,ALFA ELECTRICAL,
21,ASSEMBLED PCB SERIES AUTO (ST-009-040),,(ST-009-040),ASSEMBLED PCB,1,,PCS,,
22,ASSEMBLED PCB V3 (ET-009-034),,(ET-009-034),ASSEMBLED PCB,1,,PCS,SIMFISIS TECHNOLOGY(EASY SOLUTION),
23,ASSEMBLED PCB WATER LEVEL (ET-ST-03),,(ET-ST-03),ASSEMBLED PCB,1,,PCS,,
24,BASE BODY 8 MM (B),,,BASE BODY,10,,BOX,SIMFISIS TECHNOLOGY(EASY SOLUTION),
25,BASE BODY MU,,,BASE BODY,1,,BOX,SIMFISIS TECHNOLOGY(EASY SOLUTION),
26,BASE BODY NO. 10,,,BASE BODY,1,,BOX,SIMFISIS TECHNOLOGY(EASY SOLUTION),
27,BASE BODY 10 MM (DMC),,,BASE BODY,10,,BOX,SIMFISIS TECHNOLOGY(EASY SOLUTION),
28,BASE BODY 2 POLE,,,BASE BODY,1,,BOX,SIMFISIS TECHNOLOGY(EASY SOLUTION),
29,BASE BODY 4 POLE,,,BASE BODY,1,,BOX,SIMFISIS TECHNOLOGY(EASY SOLUTION),
30,CABLE TIE 100 * 2.5MM,,,CABLE TIE,100,,PKT,SANMAN CAPACITOR,
31,CAPACITOR BOX TYPE 108 MFD,,,CAPACITOR BOX TYPE,10,,BOX,SANMAN CAPACITOR,
32,CAPACITOR BOX TYPE 120 MFD,,,CAPACITOR BOX TYPE,10,,BOX,SANMAN CAPACITOR,
33,CAPACITOR BOX TYPE 144 MFD,,,CAPACITOR BOX TYPE,10,,BOX,SANMAN CAPACITOR,
34,CAPACITOR BOX TYPE 180 MFD,.,,CAPACITOR BOX TYPE,10,,BOX,VIRAT BANGLORE OFFICE,
35,CAPACITOR BOX TYPE 72 MFD,,,CAPACITOR BOX TYPE,10,,BOX,SANMAN CAPACITOR,
36,CAPACITOR EPCOS 36 (440 VOLTS) MFD,,,CAPACITOR EPCOS,25,,BOX,VIRAT BANGLORE OFFICE,
37,CAPACITOR EPCOS 36 (450) MFD,,,CAPACITOR EPCOS,25,,BOX,VIRAT BANGLORE OFFICE,
38,CAPACITOR EPCOS 50 (440) MFD,,,CAPACITOR EPCOS,25,,BOX,VIRAT BANGLORE OFFICE,
39,CAPACITOR EPCOS 50 (450) MFD,,,CAPACITOR EPCOS,25,,BOX,ARYA INDUSTRIES,
40,CAPACITOR EPCOS 72 MFD,,,CAPACITOR EPCOS,25,,BOX,VIRAT BANGLORE OFFICE,
41,CAPACITOR EPCOS 120 STARTING - (200-250) MFD,.,,CAPACITOR EPCOS,25,,BOX,VIRAT BANGLORE OFFICE,
42,CAPACITOR SANMAN 2.5 UF,,,CAPACITOR SANMAN,25,,BOX,VIRAT BANGLORE OFFICE,
43,CAPACITOR SANMAN 3.15 MFD,,,CAPACITOR SANMAN,25,,BOX,VIRAT BANGLORE OFFICE,
44,CAPACITOR SANMAN 4 MFD,,,CAPACITOR SANMAN,25,,BOX,M ROSHAN,
45,CAPACITOR VIRAT 10 MFD,,,CAPACITOR VIRAT,25,,BOX,VIRAT BANGLORE OFFICE,
46,CAPACITOR VIRAT 120-150 MFD,,,CAPACITOR VIRAT,25,,BOX,VIRAT BANGLORE OFFICE,
47,CAPACITOR VIRAT 15 MFD,,,CAPACITOR VIRAT,25,,BOX,VIRAT BANGLORE OFFICE,
48,CAPACITOR VIRAT 150-200 MFD,,,CAPACITOR VIRAT,25,,BOX,VIRAT BANGLORE OFFICE,
49,CAPACITOR VIRAT 20 MFD,,,CAPACITOR VIRAT,25,,BOX,VIRAT BANGLORE OFFICE,
50,CAPACITOR VIRAT STARTING - 200/250 MFD,,,CAPACITOR VIRAT,25,,BOX,VIRAT BANGLORE OFFICE,
51,CAPACITOR VIRAT 25 MFD,,,CAPACITOR VIRAT,25,,BOX,VIRAT BANGLORE OFFICE,
52,CAPACITOR VIRAT 36 MFD,,,CAPACITOR VIRAT,25,,BOX,VIRAT BANGLORE OFFICE,
53,CAPACITOR VIRAT 50 MFD,,,CAPACITOR VIRAT,25,,BOX,VIRAT BANGLORE OFFICE,
54,CAPACITOR VIRAT 72 MFD,,,CAPACITOR VIRAT,25,,BOX,M ROSHAN,
55,COIL 180/240V - NVC (220) MK1 (DOL STARTER),,,COIL,10,,BOX,VIRAT BANGLORE OFFICE,
56,COIL 280/440V - NVC (440) MK2 (DOL STARTER),,,COIL,10,,BOX,VIRAT BANGLORE OFFICE,
57,COIL BCH 190V,,,COIL,10,,BOX,VIRAT BANGLORE OFFICE,
58,COIL BCH 220/240V,,,COIL,30,,BOX,VIRAT BANGLORE OFFICE,
59,COIL BCH 380/415V,,,COIL,30,,BOX,SEICO,
60,COIL CT COIL,,,COIL,10,,SET,SEICO,
61,COIL MU BLACK COIL - 415V,,,COIL,1,,BOX,SEICO,
62,COIL MU WHITE COIL - 230V,,,COIL,1,,BOX,SEICO,
63,CONNECTORS 6 WAY GAP B (60 AMP),,,CONNECTOR - BAKALITE / CERAMIC / AUXILIARY,50,,BOX,LAXMI ENTEPRISES,
64,CONNECTORS 6 WAY WITHOUT GAP B (60 AMP),,,CONNECTOR - BAKALITE / CERAMIC / AUXILIARY,50,,BOX,LAXMI ENTEPRISES,
65,CONNECTORS 3 WAY B (200 AMP),,,CONNECTOR - BAKALITE / CERAMIC / AUXILIARY,1,,BOX,SEICO,
66,CONNECTORS 3 WAY B (30 AMP),,,CONNECTOR - BAKALITE / CERAMIC / AUXILIARY,1,,BOX,SEICO,
67,CONNECTORS 3 WAY B (60 AMP),,,CONNECTOR - BAKALITE / CERAMIC / AUXILIARY,50,,BOX,LAXMI ENTEPRISES,
68,CONNECTORS 3 WAY C (30 AMP),,,CONNECTOR - BAKALITE / CERAMIC / AUXILIARY,50,,BOX,LAXMI ENTEPRISES,
69,CONNECTORS 5 WAY B (60 AMP),,,CONNECTOR - BAKALITE / CERAMIC / AUXILIARY,50,,BOX,LAXMI ENTEPRISES,
70,CONNECTORS 5 WAY C (30 AMP),,,CONNECTOR - BAKALITE / CERAMIC / AUXILIARY,30,,BOX,LAXMI ENTEPRISES,
71,CONTACTOR MK1,,,CONTACTOR,10,,BOX,,
72,CONTACTOR 2 POLE (220/240),,,CONTACTOR,1,,BOX,SANMAN CAPACITOR,
73,CONTACTOR 2 POLE (380/415),,,CONTACTOR,1,,BOX,SANMAN CAPACITOR,
74,CONTACTOR 4 POLE (220/240),,,CONTACTOR,1,,BOX,SANMAN CAPACITOR,
75,CONTACTOR 4 POLE (380/415),,,CONTACTOR,1,,BOX,SANMAN CAPACITOR,
76,CONTACTOR DSP CON.,,,CONTACTOR,12,,BOX,SANMAN CAPACITOR,
77,CONTACTOR MU BACKELITE (440),,,CONTACTOR,1,,BOX,SANMAN CAPACITOR,
78,CONTACTOR MU DMC (180/440),,,CONTACTOR,6,,BOX,JACCY,
79,CONTACTOR TC,,,CONTACTOR,10,,BOX,LAXMI ENTEPRISES,
80,CONVERTOR (RED RELAY) 30 AMP (1CO),,,CONVERTOR (RED RELAY),10,,BOX,MAULI KRUPA,
81,CONVERTOR (RED RELAY) 40 AMP (1CO KDN),,,CONVERTOR (RED RELAY),10,,BOX,MAULI KRUPA,
82,CONVERTOR (RED RELAY) 40 AMP (1CO),,,CONVERTOR (RED RELAY),10,,BOX,MAULI KRUPA,
83,CONVERTOR (RED RELAY) 40 AMP (2 NO),,,CONVERTOR (RED RELAY),10,,BOX,MAULI KRUPA,
84,CONVERTOR (RED RELAY) 60 AMP (2 NO),,,CONVERTOR (RED RELAY),10,,BOX,MAULI KRUPA,
85,CONVERTOR (RED RELAY) 60 AMP (3 NO),,,CONVERTOR (RED RELAY),10,,BOX,MAULI KRUPA,
86,COTTER PIN / HINGES HINGES,,,COTTER PIN / HINGES,1,,PCS,LAXMI ENTERPRISES,
87,COTTER PIN / HINGES EBS,,,COTTER PIN / HINGES,1,,PCS,LAXMI ENTEPRISES,
88,COTTER PIN / HINGES OPENWELL,,,COTTER PIN / HINGES,1,,PCS,LAXMI ENTERPRISES,
89,ELECTRONIC COMPONENTS BD139,,,ELECTRONIC COMPONENTS,1,,PCS,ALFA ELECTRICAL,
90,ELECTRONIC COMPONENTS HC 4094 MIC,,,ELECTRONIC COMPONENTS,1,,PCS,ALFA ELECTRICAL,
91,ELECTRONIC COMPONENTS M7,,,ELECTRONIC COMPONENTS,1,,PCS,ALFA ELECTRICAL,
92,ELECTRONIC COMPONENTS SUGAR RELAY 12V,.,,ELECTRONIC COMPONENTS,100,,PCS,ALFA ELECTRICAL,
93,ELECTRONIC COMPONENTS T RELAY,,,ELECTRONIC COMPONENTS,1,,PCS,SANJAY METAL,
94,FEVIKWICK / FEVIBOND,,,FEVIKWICK / FEVIBOND,-1,,,,
95,FINISH GOODS DOL STARTER 8MM 3PH PANEL -20/32 (EV-902),.,(EV-902),FINISH GOODS,1,,PCS,VIRAT BANGLORE OFFICE,
96,FINISH GOODS DOL STARTER 8MM 3PH PANEL (EV-901),.,(EV-901),FINISH GOODS,1,,PCS,VIRAT BANGLORE OFFICE,
97,FINISH GOODS STARDELTA DMC (EV-908),,(EV-908),FINISH GOODS,1,,PCS,TECH ARCHIVER,
98,FINISH GOODS STARDELTA MU2 (EV-909),,(EV-909),FINISH GOODS,1,,PCS,TECH ARCHIVER,
99,FINISH GOODS 2/3PH TOUCH PANEL (3 NO) 7.5HP (EV-236),.,(EV-236),FINISH GOODS,1,,PCS,VIRAT BANGLORE OFFICE,
100,FINISH GOODS 2/3PH TOUCH PANEL (4POLE) 7.5HP (EV-234),.,(EV-234),FINISH GOODS,1,,PCS,VIRAT BANGLORE OFFICE,
101,FINISH GOODS 2/3PH TOUCH PANEL (MU) 7.5HP (EV-235),.,(EV-235),FINISH GOODS,1,,PCS,VIRAT BANGLORE OFFICE,
102,FINISH GOODS ABS BODY PANEL 1PH - 1/1.5/2/3HP (EV-502),.,(EV-502),FINISH GOODS,1,,PCS,SANJAY METAL(HI TECH),
103,FINISH GOODS ALL IN ONE 15HP (EV-238),,(EV-238),FINISH GOODS,1,,PCS,VIRAT BANGLORE OFFICE,
104,FINISH GOODS CRC DIGITAL PANEL 1PH - 1/1.5/2/3/5HP (EV-503),.,(EV-503),FINISH GOODS,1,,PCS,SANJAY METAL,
105,FINISH GOODS DMC STATER 10MM 3PH PANEL (EV-903),.,(EV-903),FINISH GOODS,1,,PCS,VIRAT BANGLORE OFFICE,
106,FINISH GOODS DMC STATER 10MM 3PH PANEL 20/32 (EV-904),.,(EV-904),FINISH GOODS,1,,PCS,VIRAT BANGLORE OFFICE,
107,FINISH GOODS DOL AUTO (3PH-P) - VIRAT (EV-802 A),.,(EV-802 A),FINISH GOODS,1,,PCS,SANJAY METAL,
108,FINISH GOODS DOL MU2 STATER 3PH PANEL (EV-905),.,(EV-905),FINISH GOODS,1,,PCS,VIRAT BANGLORE OFFICE,
109,FINISH GOODS DOL MU2 STATER 3PH PANEL 20/32 (EV-906),.,(EV-906),FINISH GOODS,1,,PCS,VIRAT BANGLORE OFFICE,
110,FINISH GOODS FA 1+1 STANDBY MONOBLOCK + WLC (EV-511),.,(EV-511),FINISH GOODS,1,,PCS,SANJAY METAL(HI TECH),
111,FINISH GOODS FA 1+1 STANDBY SUBMERSIBLE OPENWELL + WLC (EV-512),.,(EV-512),FINISH GOODS,1,,PCS,SANJAY METAL(HI TECH),
112,FINISH GOODS FA 2/3 CONTROL PANEL 5/7.5HP (EV-239),.,(EV-239),FINISH GOODS,1,,PCS,VIRAT BANGLORE OFFICE,
113,FINISH GOODS FA 2/3/5HP (EV-510),,(EV-510),FINISH GOODS,1,,PCS,SANJAY METAL(HI TECH),
114,FINISH GOODS HEAVY METAL PANEL 2/3/5HP (EV-506),.,(EV-506),FINISH GOODS,1,,PCS,SANJAY METAL(HI TECH),
115,FINISH GOODS HEAVY METAL PANEL 2PH 5/6HP (EV-601),.,(EV-601),FINISH GOODS,1,,PCS,VIRAT BANGLORE OFFICE,
116,FINISH GOODS LED CONVERTEOR 2/3 LED 7.5HP (233-2L) / (233 - 3L),.,(233-2L) / (233 - 3L),FINISH GOODS,1,,PCS,VIRAT BANGLORE OFFICE,
117,FINISH GOODS MOBILE AUTO 3G (EV-814),,(EV-814),FINISH GOODS,1,,PCS,SANJAY METAL,
118,FINISH GOODS MOBILE AUTO 4G/5G (EV-815),,(EV-815),FINISH GOODS,1,,PCS,SANJAY METAL,
119,FINISH GOODS OPENWELL PANEL 1PH - 0.5 / 1HP (EV-501),.,(EV-501),FINISH GOODS,1,,PCS,SANJAY METAL(HI TECH),
120,FINISH GOODS OPENWELL WLC 1.5/2HP (EV-508A),.,(EV-508A),FINISH GOODS,1,,PCS,SANJAY METAL(HI TECH),
121,FINISH GOODS SEMI AUTO - VIRAT (EV-806),,(EV-806),FINISH GOODS,1,,PCS,SANJAY METAL,
122,FINISH GOODS SHETKARI DISPLAY 2/3PH 2/15HP (EV-231),.,(EV-231),FINISH GOODS,1,,PCS,VIRAT BANGLORE OFFICE,
123,FINISH GOODS SHETKRI STARTER (4POLE) / (MU) 2/3PH 7.5HP (EV-232),.,(EV-232),FINISH GOODS,1,,PCS,VIRAT BANGLORE OFFICE,
124,FINISH GOODS V.2.O PANEL 2/3/5HP (EV-505),,(EV-505),FINISH GOODS,1,,PCS,SANJAY METAL(HI TECH),
125,FINISH GOODS V.2.O PANEL 2PH (EV-602),,(EV-601),FINISH GOODS,1,,PCS,VIRAT BANGLORE OFFICE,
126,FINISH GOODS V3 -TP (EV-907),,(EV-907),FINISH GOODS,1,,PCS,VIRAT BANGLORE OFFICE,
127,FINISH GOODS V3 1+1 STANBY SUBMERSIBLE / MONOBLOCK + WLC (EV-911),.,(EV-911),FINISH GOODS,1,,PCS,VIRAT BANGLORE OFFICE,
128,FINISH GOODS V3 2PH JUICE (EV-606),,(EV-606),FINISH GOODS,1,,PCS,VIRAT BANGLORE OFFICE,
129,FINISH GOODS V3 2PH LINK (EV-605),,(EV-605),FINISH GOODS,1,,PCS,VIRAT BANGLORE OFFICE,
130,FINISH GOODS V3 2PH PANEL (EV-604),,(EV-604),FINISH GOODS,1,,PCS,VIRAT BANGLORE OFFICE,
131,FINISH GOODS V3 DSP PANEL 1/1.5/2/3/5HP (EV-507),.,(EV-507),FINISH GOODS,1,,PCS,SANJAY METAL,
132,FINISH GOODS V3 FA 2PH 5/7.5HP (EV-603),,(EV-603),FINISH GOODS,1,,PCS,VIRAT BANGLORE OFFICE,
133,FINISH GOODS V3 FA PANEL 1/1.5/2/3/5HP (EV-509),.,(EV-509),FINISH GOODS,1,,PCS,SANJAY METAL(HI TECH),
134,FINISH GOODS V3 JUICE 2/10HP (EV-237),,(EV-237),FINISH GOODS,1,,PCS,VIRAT BANGLORE OFFICE,
135,FINISH GOODS V4 2PH 280 (EV-607),,(EV-607),FINISH GOODS,1,,PCS,VIRAT BANGLORE OFFICE,
136,FINISH GOODS 1 PH AUTO - VIRAT (EV-804),,(EV-804),FINISH GOODS,1,,PCS,SANJAY METAL,
137,FINISH GOODS 2 PH AUTO - VIRAT (EV-805),,(EV-805),FINISH GOODS,1,,PCS,SANJAY METAL,
138,FINISH GOODS AUROMATIC STARDELTA (EV-910),.,(EV-910),FINISH GOODS,1,,PCS,TECH ARCHIVER,
139,FINISH GOODS DOL AUTO (3PH-M) - VIRAT (EV-803),.,(EV-803),FINISH GOODS,1,,PCS,SANJAY METAL,
140,FINISH GOODS DRYRUN AUTO 1PH (S+S) FA AUTO (EV-807B),.,(EV-807B),FINISH GOODS,1,,PCS,SANJAY METAL,
141,FINISH GOODS DRYRUN AUTO 1PH (S+T) (EV-807A),.,(EV-807A),FINISH GOODS,1,,PCS,SANJAY METAL(HI TECH),
142,FINISH GOODS DRYRUN AUTO 1PH SELF PRIMING (EV-807C),.,(EV-807C),FINISH GOODS,1,,PCS,SANJAY METAL,
143,FINISH GOODS DRYRUN AUTO 2/3PH (EV-810),,(EV-810),FINISH GOODS,1,,PCS,SANJAY METAL,
144,FINISH GOODS DRYRUN AUTO 2PH (2P+4P+MU) (EV-808A),.,(EV-808A),FINISH GOODS,1,,PCS,SANJAY METAL,
145,FINISH GOODS DRYRUN AUTO 2PH (RELAY) (EV-808B),.,(EV-808B),FINISH GOODS,1,,PCS,SANJAY METAL,
146,FINISH GOODS DRYRUN AUTO 2PH JUICE (EV-813),.,(EV-813),FINISH GOODS,1,,PCS,SANJAY METAL,
147,FINISH GOODS DRYRUN AUTO 3PH (EV-809),,(EV-809),FINISH GOODS,1,,PCS,SANJAY METAL(HI TECH),
148,FINISH GOODS DRYRUN AUTO 3PH JUICE (EV-811),.,(EV-811),FINISH GOODS,1,,PCS,SANJAY METAL,
149,FINISH GOODS MCB DIGITAL PANEL 2/3/5HP (EV-504),.,(EV-504),FINISH GOODS,1,,PCS,SANJAY METAL(HI TECH),
150,FINISH GOODS MINI - VIRAT (EV-801),,(EV-801),FINISH GOODS,1,,PCS,SANJAY METAL,
151,FINISH GOODS SERIES AUTO (EV-812),,(EV-812),FINISH GOODS,1,,PCS,SANJAY METAL,
152,FUSE 100 A without lug,,,FUSE VIRAT,12,,BOX,VIRAT BANGLORE OFFICE,
153,FUSE 200 A MSEB,,,FUSE VIRAT,6,,BOX,VIRAT BANGLORE OFFICE,
154,FUSE 32A,,,FUSE VIRAT,54,,BOX,VIRAT BANGLORE OFFICE,
155,FUSE 63 AMP (MELBOURNE),,,FUSE VIRAT,36,,BOX,VIRAT BANGLORE OFFICE,
156,FUSE 63A Md,,,FUSE VIRAT,36,,BOX,VIRAT BANGLORE OFFICE,
157,FUSE 63A xl,,,FUSE VIRAT,30,,BOX,VIRAT BANGLORE OFFICE,
158,INDICATOR RED 220 V,,,INDICATOR,10,,PCS,VIRAT BANGLORE OFFICE,
159,INDICATOR GREEN 440 V,,,INDICATOR,10,,PCS,VIRAT BANGLORE OFFICE,
160,INDICATOR RED 440 V,,,INDICATOR,10,,PCS,VIRAT BANGLORE OFFICE,
161,INDICATOR PILOT LIGHT 220V,,,INDICATOR,10,,PCS,,
162,INDICATOR DIGITAL PANEL LIGHT GREEN 440V (V+CM),,.,INDICATOR,10,,PCS,,
163,INDICATOR DIGITAL PANEL LIGHT RED 440V (V+CM),,,INDICATOR,10,,PCS,,
164,KNOB \ CLAMP \ AUXILIRY - AUXILIARY (MU-A1),,,KNOB \ CLAMP \ AUXILIRY,1,,PCS,VIRAT BANGLORE OFFICE,
165,KNOB \ CLAMP \ AUXILIRY - CLAMP,,,KNOB \ CLAMP \ AUXILIRY,1,,PCS,VIRAT BANGLORE OFFICE,
166,KNOB \ CLAMP \ AUXILIRY - GROMET (7/8),,,KNOB \ CLAMP \ AUXILIRY,1,,PCS,MAULI KRUPA,
167,KNOB \ CLAMP \ AUXILIRY - KNOB 1 (ABS),,,KNOB \ CLAMP \ AUXILIRY,1,,PCS,MAULI KRUPA,
168,KNOB \ CLAMP \ AUXILIRY - KNOB 2 (OPENWELL),,,KNOB \ CLAMP \ AUXILIRY,1,,PCS,MAULI KRUPA,
169,KNOB \ CLAMP \ AUXILIRY - KNOB 3 (CRC),,,KNOB \ CLAMP \ AUXILIRY,1,,PCS,MAULI KRUPA,
170,KNOB \ CLAMP \ AUXILIRY - KNOB 4,.,,KNOB \ CLAMP \ AUXILIRY,1,,PCS,MAULI KRUPA,
171,KNOB \ CLAMP \ AUXILIRY - STILGRIP TAPE,,,KNOB \ CLAMP \ AUXILIRY,1,,PCS,MAULIKRUPA,
172,LUGS 2.5,,,LUGS,300,,PKT,MAULIKRUPA,
173,LUGS 4.6,,,LUGS,300,,PKT,MAULIKRUPA,
174,MCB 10 AMP,,,MCB,12,,BOX,MAULI KRUPA,
175,MCB 16 AMP,,,MCB,12,,BOX,MAULIKRUPA,
176,MCB 20 AMP,,,MCB,12,,BOX,MAULIKRUPA,
177,MCB 25 AMP,,,MCB,12,,BOX,MAULIKRUPA,
178,MCB 32 AMP,,,MCB,12,,BOX,MAULIKRUPA,
179,METAL BODY - FA,,,METAL BODY,1,,PCS,VIRAT BANGLORE OFFICE,
180,METAL BODY - FOGAR,,,METAL BODY,1,,PCS,VIRAT BANGLORE OFFICE,
181,METAL BODY - JUICE,,,METAL BODY,1,,PCS,VIRAT BANGLORE OFFICE,
182,METAL BODY - MCB PANEL,,,METAL BODY,1,,PCS,VIRAT BANGLORE OFFICE,
183,METAL BODY - SEMI AUTO (VIRAT),,,METAL BODY,1,,PCS,VIRAT BANGLORE OFFICE,
184,METAL BODY - SERIES AUTO,,,METAL BODY,1,,PCS,VIRAT BANGLORE OFFICE,
185,METAL BODY - SHETAKRI DISPLAY,,,METAL BODY,1,,PCS,VIRAT BANGLORE OFFICE,
186,METAL BODY - SHETAKRI STARTER,,,METAL BODY,1,,PCS,VIRAT BANGLORE OFFICE,
187,METAL BODY - STARDELTA,,,METAL BODY,1,,PCS,AUTO SECTION(JYOTI/LEENA/SNEHA),
188,METAL BODY - V2.0,,,METAL BODY,1,,PCS,AUTO SECTION(JYOTI/LEENA/SNEHA),
189,METAL BODY - V3 2PH PANEL,,,METAL BODY,1,,PCS,AUTO SECTION(JYOTI/LEENA/SNEHA),
190,METAL BODY - V3 2PH PANEL,,,METAL BODY,1,,PCS,OMKAR/AJAY,
191,METAL BODY - V3 DSP,.,,METAL BODY,1,,PCS,OMKAR/AJAY,
192,METAL BODY - V3 FA,,,METAL BODY,1,,PCS,AUTO SECTION(JYOTI/LEENA/SNEHA),
193,METAL BODY - V3 JUICE,,,METAL BODY,1,,PCS,AUTO SECTION(JYOTI/LEENA/SNEHA),
194,METAL BODY - V3 TOUCH,,,METAL BODY,1,,PCS,AUTO SECTION(JYOTI/LEENA/SNEHA),
195,METAL BODY - V3 TP,,,METAL BODY,1,,PCS,AUTO SECTION(JYOTI/LEENA/SNEHA),
196,METAL BODY - 19*19 CABIN,.,,METAL BODY,1,,PCS,MAULIKRUPA,
197,METAL BODY - 20*20 CABIN,,,METAL BODY,1,,PCS,MAULI KRUPA,
198,METAL BODY - 236 NO PANEL (RED RELAY),,,METAL BODY,1,,PCS,MAULI KRUPA,
199,METAL BODY - 30*30 CABIN,,,METAL BODY,1,,PCS,MAULI KRUPA,
200,METAL BODY - ABS DIGITAL,,,METAL BODY,1,,PCS,MAULI KRUPA,
201,METAL BODY - ALL IN ONE,,,METAL BODY,1,,PCS,MAULI KRUPA,
202,METAL BODY - BIG B,,,METAL BODY,1,,PCS,VIRAT BANGLORE OFFICE,
203,METAL BODY - CRC DIGITAL,,,METAL BODY,1,,PCS,VIRAT BANGLORE OFFICE,
204,METAL BODY - DOL METAL (VIRAT),,,METAL BODY,1,,,,
205,METAL SOLDERING WIRE,,,METAL SOLDERING WIRE,500,,KG,MAULI KRUPA,
206,METER - (500V/60A) ANALOG,,,METER,1,,PCS,OMKAR/AJAY,
207,METER - 72*72 A (0-30) ANALOG,,,METER,50,,BOX,AUTO SECTION(JYOTI/LEENA/SNEHA),
208,METER - 72*72 V (0-500) ANALOG,,,METER,10,,BOX,KUNAL,
209,METER - 96*96 A (0-30) ANALOG,,,METER,10,,BOX,KUNAL,
210,METER - 96*96 A (0-50) ANALOG,,,METER,10,,BOX,OMKAR/AJAY,
211,METER - 96*96 V (0-500) ANALOG,,,METER,10,,BOX,OMKAR/AJAY,
212,METER - DIGITAL (BIG) 96*96,,,METER,50,,BOX,KUNAL,
213,METER - DIGITAL (MIX METER),,,METER,1,,BOX,KUNAL,
214,METER - ROUND KISAN A (1000V) (0-300),,,METER,1,,BOX,AUTO SECTION(JYOTI/LEENA/SNEHA),
215,METER - ROUND KISAN V (100A) (0-30),,,METER,1,,BOX,AUTO SECTION(JYOTI/LEENA/SNEHA),
216,MK1 RELAY (BLACK) - 9/14,,,MK1 RELAY (BLACK),10,,BOX,GAURAV,
217,MK1 RELAY (BLACK) - 1/2.5,,,MK1 RELAY (BLACK),10,,BOX,AUTO SECTION(JYOTI/LEENA/SNEHA),
218,MK1 RELAY (BLACK) - 11/18,,,MK1 RELAY (BLACK),10,,BOX,GAURAV,
219,MK1 RELAY (BLACK) - 13/22,,,MK1 RELAY (BLACK),10,,BOX,AUTO SECTION(JYOTI/LEENA/SNEHA),
220,MK1 RELAY (BLACK) - 4/6.5,,,MK1 RELAY (BLACK),10,,BOX,GAURAV,
221,MK1 RELAY (BLACK) - 6/10,,,MK1 RELAY (BLACK),10,,BOX,GAURAV,
222,MK1 RELAY(BLACK) - 20/32,,,MK1 RELAY (BLACK),10,,BOX,AUTO SECTION(JYOTI/LEENA/SNEHA),
223,MK2 DMC RELAY (WHITE) - 11/18,,,MK2 DMC RELAY (WHITE),10,,BOX,SUMIT DESIGHNER (AUTO SECTION),
224,MK2 DMC RELAY (WHITE) - 13/22,,,MK2 DMC RELAY (WHITE),10,,BOX,AUTO SECTION(JYOTI/LEENA/SNEHA),
225,MK2 DMC RELAY (WHITE) - 20/32,,,MK2 DMC RELAY (WHITE),10,,BOX,AUTO SECTION(JYOTI/LEENA/SNEHA),
226,MK2 DMC RELAY (WHITE) - 4/6,,,MK2 DMC RELAY (WHITE),10,,BOX,AUTO SECTION(JYOTI/LEENA/SNEHA),
227,MK2 DMC RELAY (WHITE) - 6/10,,,MK2 DMC RELAY (WHITE),10,,BOX,AUTO SECTION(JYOTI/LEENA/SNEHA),
228,MK2 DMC RELAY (WHITE) - 9/14,,,MK2 DMC RELAY (WHITE),10,,BOX,KUNAL,
229,MO. AUTO (GSM) - 2G/3G,,,MO. AUTO (GSM),10,,BOX,SUMIT DESIGHNER (AUTO SECTION),
230,MO. AUTO (GSM) - 4G/5G,,,MO. AUTO (GSM),10,,BOX,KUNAL,
231,MO. AUTO (GSM) - ANTENA,,,MO. AUTO (GSM),10,,PCS,OMKAR/AJAY,
232,MU RELAY - 13/22,,,MU RELAY,10,,BOX,AUTO SECTION(JYOTI/LEENA/SNEHA),
233,MU RELAY - 13/22 DMC,,,MU RELAY,10,,BOX,OMKAR/AJAY,
234,MU RELAY - 20/32,,325*320*115,MU RELAY,10,,BOX,OMKAR/AJAY,
235,MU RELAY - 28/42 DMC,,40*40,MU RELAY,10,,BOX,OMKAR/AJAY,
236,MU RELAY - 6/10,,,MU RELAY,10,,BOX,OMKAR/AJAY,
237,MU RELAY - 9/14,,,MU RELAY,10,,BOX,AUTO SECTION(JYOTI/LEENA/SNEHA),
238,MU RELAY - 20/32 DMC,,20*20,MU RELAY,10,,BOX,OMKAR/AJAY,
239,MU2 DMC STATER - DOL 13/22,.,270*210*155,MU2 DMC STATER,10,,BOX,OMKAR/AJAY,
240,MU2 DMC STATER - DOL 20/32,,,MU2 DMC STATER,10,,BOX,KUNAL,
241,MU2 DMC STATER - DOL 4/6,,90*50*130,MU2 DMC STATER,10,,BOX,SUMIT DESIGHNER (AUTO SECTION),
242,MU2 DMC STATER - DOL 6/10,,,MU2 DMC STATER,10,,BOX,AUTO SECTION(JYOTI/LEENA/SNEHA),
243,MU2 DMC STATER - DOL 9/14,,280*115*200,MU2 DMC STATER,10,,BOX,AUTO SECTION(JYOTI/LEENA/SNEHA),
244,OUTER BOX - DOL PLASTIC VIRAT,,,OUTER BOX,1,,PCS,DEVANE,
245,OUTER BOX - DOL MAHALAXMI,,280*220*110,OUTER BOX,1,,PCS,DEVANE,
246,OUTER BOX - MINI MAHALAXMI,,,OUTER BOX,1,,PCS,DEVANE,
247,OUTER BOX - MINI VIRAT,,,OUTER BOX,1,,PCS,DINESH,
248,OUTER BOX - DOL KAVEREE,,280*110*245,OUTER BOX,1,,PCS,DEVANE,
249,OUTER BOX - MINI KAVEREE,,,OUTER BOX,1,,PCS,PRATHMESH,
250,OUTER BOX - DSP / MCB,,290*290*110,OUTER BOX,1,,PCS,PRATHMESH,
251,OUTER BOX - (2PH/3PH) JUICE (WHITE),.,,OUTER BOX,1,,PCS,AUTO SECTION(JYOTI/LEENA/SNEHA),
252,OUTER BOX - (2PH/3PH) JUICE / V2,.,,OUTER BOX,1,,PCS,AUTO SECTION(JYOTI/LEENA/SNEHA),
253,OUTER BOX - 20*20,,,OUTER BOX,1,,PCS,AUTO SECTION(JYOTI/LEENA/SNEHA),
254,OUTER BOX - 40*40,,90*75*130,OUTER BOX,1,,PCS,GAURAV,
255,OUTER BOX - ABS BODY / ALL IN ONE / SERIES AUTO,,,OUTER BOX,1,,PCS,GAURAV,
256,OUTER BOX - CRC PANEL,.,185*145*110,OUTER BOX,1,,PCS,AUTO SECTION(JYOTI/LEENA/SNEHA),
257,OUTER BOX - MO AUTO,,,OUTER BOX,1,,PCS,DINESH,
258,OUTER BOX - OPENWELL / DRYRUN / V3 AUTO,,,OUTER BOX,1,,PCS,OMKAR,
259,OUTER BOX - S+D,,,OUTER BOX,1,,PCS,OMKAR,
260,OUTER BOX - TOUCH / S+S / V3 FA / FA /,,,OUTER BOX,1,,PCS,KUNAL,
261,OUTER BOX - TOUCH / S+S / V3 FA / FA /,,,OUTER BOX,1,,PCS,KUNAL,
262,OUTER BOX - TP / 2PH,,,OUTER BOX,1,,PCS,GAURAV,
263,OUTER BOX - TP / 2PH (WHITE),,,OUTER BOX,1,,PCS,GAURAV,
264,PATTI / PLASTIC / METAL - 'L' PATTI,,,PATTI / PLASTIC / METAL,400,,PCS,OMKAR,
265,PATTI / PLASTIC / METAL - MCB PATTI,,,PATTI / PLASTIC / METAL,400,,PCS,,
266,PATTI KIT - 10 MM,,,PATTI KIT,15,,BOX,KUNAL,
267,PATTI KIT - 4 PATTI,,,PATTI KIT,4,,SETS,OMKAR,
268,PATTI KIT - 8 MM,,,PATTI KIT,15,,BOX,KUNAL,
269,PATTI KIT - BCH 25 AMP,,,PATTI KIT,15,,BOX,GAURAV,
270,PATTI KIT - BCH 40 AMP,,,PATTI KIT,12,,1 BOX,DINESH,
271,PATTI KIT - BRASS LONG (FIXED),,,PATTI KIT,500,,PCS,DINESH,
272,PATTI KIT - BRASS SORT (MOVING),,,PATTI KIT,500,,PCS,DINESH,
273,PATTI KIT - FIBER LONG (WHITE),,,PATTI KIT,500,,PCS,ROSHNALI AND SONS,
274,PATTI KIT - FIBER SORT (WHITE),,,PATTI KIT,500,,PCS,ROSHNALI AND SONS,
275,PATTI KIT - L PATTI,,,PATTI KIT,500,,PCS,ROSHNALI AND SONS,
276,PATTI KIT - MU 0.5 KIT,,,PATTI KIT,500,,PCS,ROSHNALI AND SONS,
277,PCB - 1 /2PH AUTO (ST-009-020),,(ST-009-020),PCB,1,,PCS,ROSHNALI AND SONS,
278,PCB - DOL (ST-009-026),,(ST-009-026),PCB,1,,PCS,ROSHNALI AND SONS,
279,PCB - FA (ST-009-022),,(ST-009-022),PCB,1,,PCS,ROSHNALI AND SONS,
280,PCB - METER (ST-009-039),,(ST-009-039),PCB,1,,PCS,ROSHNALI AND SONS,
281,PCB - MINI (ST-009-024),,(ST-009-024),PCB,1,,PCS,ROSHNALI AND SONS,
282,PCB - S+S (ST-009-025),,(ST-009-025),PCB,1,,PCS,ROSHNALI AND SONS,
283,PCB - SEMI AUTO (ST-009-015),,(ST-009-015),PCB,1,,PCS,ROSHNALI AND SONS,
284,PCB - SERIES AUTO (ST-009-040),,(ST-009-040),PCB,1,,PCS,SUMIT DESIGHNER (AUTO SECTION),
285,PCB - V3 (ET-009-034),,(ET-009-034),PCB,1,,PCS,ROSHNALI AND SONS,
286,PCB - WATER LEVEL (ET-ST-03),,(ET-ST-03),PCB,1,,PCS,SUMIT DESIGHNER (AUTO SECTION),
287,PCB CONNECTOR - 2 PIN (PCB),,,PCB CONNECTOR,100,,PCS,,
288,PCB CONNECTOR - 3 PIN (PCB),,,PCB CONNECTOR,100,,PCS,,
289,PCB CONNECTOR - 4 PIN (PCB),,,PCB CONNECTOR,100,,PCS,,
290,PLASTIC BODY ABS,,,PLASTIC BODY,1,,PCS,,
291,PLASTIC BODY DOL (VIRAT),,,PLASTIC BODY,1,,PCS,SUMIT DESIGHNER (AUTO SECTION),
292,PLASTIC BODY MINI AUTO (VIRAT),,,PLASTIC BODY,1,,PCS,SUMIT DESIGHNER (AUTO SECTION),
293,PLASTIC BODY MINI KAVEREE,.,,PLASTIC BODY,1,,PCS,SUMIT DESIGHNER (AUTO SECTION),
294,PLASTIC BODY OPENWELL,.,,PLASTIC BODY,1,,PCS,SUMIT DESIGHNER (AUTO SECTION),
295,PLASTIC BODY V3 DRYRUN AUTO,.,,PLASTIC BODY,1,,PCS,SUMIT DESIGHNER (AUTO SECTION),
296,READY WIRE SETS 2 PH JUICE,,,READY WIRE SETS,1,,SETS,SUMIT DESIGHNER (AUTO SECTION),
297,READY WIRE SETS 3 PH JUICE,.,,READY WIRE SETS,1,,SETS,SUMIT DESIGHNER (AUTO SECTION),
298,READY WIRE SETS ABS,,,READY WIRE SETS,1,,SETS,SUMIT DESIGHNER (AUTO SECTION),
299,READY WIRE SETS CRC,.,,READY WIRE SETS,1,,SETS,SUMIT DESIGHNER (AUTO SECTION),
300,READY WIRE SETS DSP,,,READY WIRE SETS,1,,SETS,SUMIT DESIGHNER (AUTO SECTION),
301,READY WIRE SETS FA,.,,READY WIRE SETS,1,,SETS,SUMIT DESIGHNER (AUTO SECTION),
302,READY WIRE SETS MU TOUCH,.,,READY WIRE SETS,1,,SETS,SUMIT DESIGHNER (AUTO SECTION),
303,READY WIRE SETS ONLY RED RELAY,,,READY WIRE SETS,1,,SETS,SUMIT DESIGHNER (AUTO SECTION),
304,READY WIRE SETS OPENWELL,,,READY WIRE SETS,1,,SETS,SUMIT DESIGHNER (AUTO SECTION),
305,READY WIRE SETS R + J,,,READY WIRE SETS,1,,SETS,SUMIT DESIGHNER (AUTO SECTION),
306,READY WIRE SETS V2,,,READY WIRE SETS,1,,SETS,SUMIT DESIGHNER (AUTO SECTION),
307,READY WIRE SETS V3 FA,.,,READY WIRE SETS,1,,SETS,SUMIT DESIGHNER (AUTO SECTION),
308,RELAY (MK1 BACKELITE) 13-22 / 11-18,,,RELAY (MK1 BACKELITE),1,,PCS,SUMIT DESIGHNER (AUTO SECTION),
309,SCREW 3 MM,,,SCREW,1000,,PKT,SUMIT DESIGHNER (AUTO SECTION),
310,SCREW 3*10,,,SCREW,1000,,PKT,SUMIT DESIGHNER (AUTO SECTION),
311,SCREW 3*8,.,,SCREW,1000,,PKT,SUMIT DESIGHNER (AUTO SECTION),
312,SCREW 4*16,.,,SCREW,1000,,PKT,SUMIT DESIGHNER (AUTO SECTION),
313,SCREW 4*30,.,,SCREW,500,,PKT,SUMIT DESIGHNER (AUTO SECTION),
314,SCREW 4*6.5,.,,SCREW,1000,,PKT,SUMIT DESIGHNER (AUTO SECTION),
315,SCREW 4*6.9,.,,SCREW,1000,,PKT,SUMIT DESIGHNER (AUTO SECTION),
316,SCREW 4*8,,,SCREW,1000,,PKT,VIRAT BANGLORE OFFICE,
317,SCREW 4*9.5,,,SCREW,1000,,PKT,VIRAT BANGLORE OFFICE,
318,SCREW 6*18,,,SCREW,1000,,PKT,VIRAT BANGLORE OFFICE,
319,SCREW 6*9.5,,,SCREW,1000,,PKT,VIRAT BANGLORE OFFICE,
320,SCREW 7*60,,,SCREW,500,,PKT,VIRAT BANGLORE OFFICE,
321,SCREW NUT / BOLT 3MM,,,SCREW,500,,PKT,,
322,SCREW NUT / BOLT 4MM,,,SCREW,500,,PKT,VIRAT BANGLORE OFFICE,
323,SLEEVES BLUE,,,SLEEVES,30,,MTR,VIRAT BANGLORE OFFICE,
324,SLEEVES RED,,,SLEEVES,30,,MTR,VIRAT BANGLORE OFFICE,
325,SLEEVES SPIRAL (WRAPING) 6 SQ MM,,,SLEEVES,50,,MTR,VIRAT BANGLORE OFFICE,
326,SLEEVES SPIRAL 12MM,,,SLEEVES,30,,MTR,VIRAT BANGLORE OFFICE,
327,SLEEVES SPIRAL 14MM,,,SLEEVES,30,,MTR,VIRAT BANGLORE OFFICE,
328,SLEEVES SPIRAL 16MM,,,SLEEVES,30,,MTR,VIRAT BANGLORE OFFICE,
329,SLEEVES WINDING PAPER 40*40,,,SLEEVES,30,,MTR,,
330,SLEEVES YELLOW,,,SLEEVES,30,,MTR,VIRAT BANGLORE OFFICE,
331,STARTER MK1 (VIRAT),,,STARTER,1,,PCS,VIRAT BANGLORE OFFICE,
332,STICKER EARTHING,,,STICKER,1,,CHATS,,
333,STICKER MODEL NAME,,,STICKER,1,,CHATS,,
334,STICKER 3 MONTH,,,STICKER,42,,CHATS,VIRAT BANGLORE OFFICE,
335,STICKER 6 MONTH,,,STICKER,42,,CHATS,VIRAT BANGLORE OFFICE,
336,STICKER BARCODE,,,STICKER,1,,PCS,VIRAT BANGLORE OFFICE,
337,STICKER SHETKARI STATER (EV-232) - BODY,,,STICKER - BODY,1,,CHATS,,
338,STICKER TOUCH 3NO (EV-236) - BODY,.,(EV-236),STICKER - BODY,1,,CHATS,,
339,STICKER ABS DIGITAL (EV-502) - BODY,,,STICKER - BODY,1,,CHATS,,
340,STICKER 2 PH PANEL (RED RELAY) (EV-604) - BODY,,,STICKER - BODY,1,,CHATS,,
341,STICKER DSP PANEL (EV-507) - BODY,,,STICKER - BODY,1,,CHATS,,
342,STICKER 2 PH LINK PANEL (EV-605) - BODY,.,(EV-605),STICKER - BODY,1,,CHATS,,
343,STICKER TP PANEL (EV-907) - BODY,,,STICKER - BODY,1,,CHATS,,
344,STICKER OPENWELL - VIRAT LOGO / HP - BODY,,,STICKER - BODY,1,,CHATS,,
345,STICKER HP - BODY,,,STICKER - BODY,1,,CHATS,,
346,STICKER AUTOMATIC PHASE CHANGER - BODY,,,STICKER - BODY,1,,CHATS,,
347,STICKER INPUT / OUTPUT / AMP / WIRE CONNECTION - BODY,.,,STICKER - BODY,1,,CHATS,,
348,STICKER L1 L2 L3 - BODY,,,STICKER - BODY,1,,CHATS,,
349,STICKER PNRYB - BODY,,,STICKER - BODY,1,,CHATS,,
350,"STICKER WIRE CONNECTION, R,Y,B / GREEN / BLACK / WHITE - (M) - BODY",.,,STICKER - BODY,42,,CHATS,SANMAN CAPACITOR,
351,"STICKER WIRE CONNECTION, R,Y,B / GREEN / BLACK / WHITE - (V) - BODY",.,,STICKER - BODY,42,,CHATS,SANMAN CAPACITOR,
352,"STICKER WIRE CONNECTION,, R,B / 2 YELLOW - BODY",.,,STICKER - BODY,56,,CHATS,,
353,"STICKER WIRE CONNECTION,, R,B / 2 YELLOW / 2 BLACK - BODY",.,,STICKER - BODY,56,,CHATS,SANMAN CAPACITOR,
354,"STICKER WIRE CONNECTION,, R,Y,B / 2 WHITE / 2 BLACK - (M) - BODY",.,,STICKER - BODY,42,,CHATS,BHARGAV BHAI,
355,"STICKER WIRE CONNECTION,, R,Y,B / 2 WHITE / 2 BLACK - (V) - BODY",,,STICKER - BODY,42,,CHATS,,
356,"STICKER WIRE CONNECTION,, R,Y,B / WHITE / GREEN / BLACK - BODY",,,STICKER - BODY,42,,CHATS,,
357,STICKER SHETKARI DISPLAY (EV-231) - FRONT,.,(EV-231),STICKER - FRONT,1,,CHATS,,
358,STICKER TOUCH (2PH / 3PH) PANEL (4 POLE / MU) (EV-234) (235) - FRONT,.,(EV-234) (235),STICKER - FRONT,1,,CHATS,,
359,STICKER 3 PH JUICE AUTOMATIC PHASE CHANGER (EV-237) - FRONT,,,STICKER - FRONT,1,,CHATS,,
360,STICKER V2 PANEL - FRONT,,,STICKER - FRONT,1,,CHATS,,
361,STICKER HEAVY METAL PANEL (EV-506) - FRONT BODY,,,STICKER - FRONT,1,,CHATS,,
362,STICKER 2PH PANEL (2P+4P) (EV-604) - FRONT,,(EV-604),STICKER - FRONT,1,,CHATS,,
363,STICKER 2 PH JUICE (EV-606) - FRONT,,,STICKER - FRONT,1,,CHATS,,
364,STICKER MU 2 STARDELTA - (EV-909) - FRONT,,(EV-909),STICKER - FRONT,1,,CHATS,,
365,STICKER V3 1+1 STAND BY SUBMERSIBLE / MONOBLOCK + WLC (EV-911) FRONT,.,(EV-911),STICKER - FRONT,1,,CHATS,,
366,STICKER 2 POLE - FRONT,,,STICKER - FRONT,1,,CHATS,,
367,STICKER 4 POLE - FRONT,,,STICKER - FRONT,1,,CHATS,,
368,STICKER MINI (MAHALAXMI) - (M1) - FRONT,,,STICKER - FRONT,40,,CHATS,D.N MOHITE,
369,STICKER MINI (VIRAT) - (EV-801) - FRONT,,,STICKER - FRONT,40,,CHATS,SANMAN CAPACITOR,
370,STICKER DOL PLASTIC (MAHALAXMI) - (M2) - FRONT,.,,STICKER - FRONT,18,,CHATS,PRANJAL,
371,STICKER DOL PLASTIC (VIRAT) - (EV-802 A) - FRONT,,,STICKER - FRONT,18,,CHATS,D.N MOHITE,
372,STICKER DOL METAL (VIRAT) - (EV-803) - FRONT,,,STICKER - FRONT,18,,CHATS,VIRAT BANGLORE OFFICE,
373,STICKER SINGLE PHASE (MAHALAXMI) - (M4) - FRONT,,,STICKER - FRONT,18,,CHATS,SANMAN CAPACITOR,
374,STICKER SINGLE PHASE (VIRAT) (EV-804) - FRONT,,,STICKER - FRONT,18,,CHATS,SANMAN CAPACITOR,
375,STICKER TWO PHASE (MAHALAXMI) (M5) - FRONT,.,,STICKER - FRONT,18,,CHATS,SANMAN CAPACITOR,
376,STICKER TWO PHASE (VIRAT) - (EV-805) - FRONT,.,,STICKER - FRONT,18,,CHATS,SANMAN CAPACITOR,
377,STICKER SEMI METAL (MAHALAXMI) - (M3) - FRONT,,,STICKER - FRONT,12,,CHATS,SANMAN CAPACITOR,
378,STICKER SEMI METAL (VIRAT) - (EV-806) - FRONT,,,STICKER - FRONT,8,,CHATS,SANMAN CAPACITOR,
379,STICKER V3 DRYRUN - 1 PH (S+T) - (EV-807A) - FRONT,,,STICKER - FRONT,8,,CHATS,PRANJAL,
380,STICKER V3 DRYRUN - 1 PH (S+S) FA - (EV-807B) - FRONT,,,STICKER - FRONT,8,,CHATS,,
381,STICKER V3 DRYRUN - 1 PH (SELF PRIMING) - (EV-807C) - FRONT,,,STICKER - FRONT,8,,CHATS,,
382,STICKER V3 DRYRUN - 2 PH (2P+4P / MU) - (EV-808A) - FRONT,,,STICKER - FRONT,8,,CHATS,,
383,STICKER V3 DRYRUN - 2 PH (RELAY) - (EV-808B) - FRONT,,,STICKER - FRONT,8,,CHATS,,
384,STICKER V3 DRYRUN - 3 PH - (EV-809) - FRONT,.,,STICKER - FRONT,8,,CHATS,D.N MOHITE,
385,STICKER KAVEREE DOL MODEL NO - K01 - FRONT,,,STICKER - FRONT,18,,CHATS,D.N MOHITE,
386,STICKER KAVEREE SPP + AUTO MODEL NO - K02 - FRONT,,,STICKER - FRONT,12,,CHATS,D.N MOHITE,
387,STICKER V3 DRYRUN - 2/3 PH JUICE AUTO - (EV-810) - FRONT,,,STICKER - FRONT,1,,CHATS,,
388,STICKER SERIES AUTO MANUAL - APS / VIRAT - (EV-811) - FRONT,,,STICKER - FRONT,1,,CHATS,,
389,STICKER SERIES AUTO DIGITAL - SHIVANSH / VIRAT - (EV-811) - FRONT,,,STICKER - FRONT,1,,CHATS,,
390,STICKER V3 2PH JUICE AUTO (AUTOMATIC PHASE CHANGER) - (EV-813) -FRONT,,,STICKER - FRONT,1,,CHATS,,
391,STICKER MOBILE AUTO 3G - (EV-814) - FRONT,,,STICKER - FRONT,1,,CHATS,,
392,STICKER MOBILE AUTO 3G - (EV-814) - FRONT,,,STICKER - FRONT,1,,CHATS,,
393,STICKER V3 DRYRUN - 1 PH (SELF PRIMING) - (EV-807C) - OUTER BOX,,,STICKER - OUTER BOX,8,,CHATS,,
394,STICKER V3 DRYRUN - 2 PH (2P+4P / MU) - (EV-808A) - OUTER BOX,,,STICKER - OUTER BOX,8,,CHATS,,
395,STICKER V3 DRYRUN - 2 PH (RELAY) - (EV-808B) - OUTER BOX,,,STICKER - OUTER BOX,8,,CHATS,,
396,STICKER V3 DRYRUN - 3 PH - (EV-809) - OUTER BOX,.,,STICKER - OUTER BOX,8,,CHATS,PRANJAL,
397,STICKER SHETKARI DISPLAY (EV-231) - OUTER BOX,.,(EV-231),STICKER - OUTER BOX,1,,CHATS,,
398,STICKER SHETKARI STATER (EV-232) - OUTER BOX,.,,STICKER - OUTER BOX,1,,CHATS,,
399,STICKER TOUCH (2PH / 3PH) PANEL (4 POLE / MU) (EV-234) (235) - OUTER BOX,,,STICKER - OUTER BOX,1,,CHATS,,
400,STICKER TOUCH 3NO (EV-236) - OUTER BOX,,,STICKER - OUTER BOX,1,,CHATS,,
401,STICKER 3 PH JUICE AUTOMATIC PHASE CHANGER (EV-237) - OUTER BOX,,(EV-237),STICKER - OUTER BOX,1,,CHATS,,
402,STICKER ALL IN ONE PANEL (EV-238) OUTER BOX,.,(EV-238),STICKER - OUTER BOX,1,,CHATS,,
403,STICKER OPENWELL (EV-501) - OUTER BOX,,,STICKER - OUTER BOX,1,,CHATS,,
404,STICKER CRC DIGITAL (EV-503) - OUTER BOX,,,STICKER - OUTER BOX,1,,CHATS,,
405,STICKER MCB DIGITAL (EV-504) - (OUTER BOX),,(EV-504),STICKER - OUTER BOX,1,,CHATS,,
406,STICKER V-2 PANEL (EV-505) - (OUTER BOX),.,(EV-505),STICKER - OUTER BOX,1,,CHATS,,
407,STICKER DSP PANEL (EV-507) - OUTER BOX,,(EV-507),STICKER - OUTER BOX,1,,CHATS,,
408,STICKER OPENWELL PANEL (EV-508) B - OUTER BOX,,(EV-508),STICKER - OUTER BOX,1,,CHATS,,
409,STICKER V3 FA (EV-509) - OUTER BOX,.,(EV-509),STICKER - OUTER BOX,1,,CHATS,,
410,STICKER FA (EV-510) - OUTER BOX,.,(EV-510),STICKER - OUTER BOX,1,,CHATS,,
411,STICKER 2PH PANEL (2P+4P) (EV-604) - OUTER BOX,,,STICKER - OUTER BOX,1,,CHATS,,
412,STICKER 2 PH PANEL (RED RELAY) (EV-604) - OUTER BOX,,(EV-604),STICKER - OUTER BOX,1,,CHATS,,
413,STICKER 2 PH LINK PANEL (EV-605) - OUTER BOX,,,STICKER - OUTER BOX,1,,CHATS,,
414,STICKER 2 PH JUICE (EV-606) - OUTER BOX,.,(EV-606),STICKER - OUTER BOX,1,,CHATS,,
415,STICKER 2 PH 280 PANEL (EV-607) - OUTER BOX,.,(EV-607),STICKER - OUTER BOX,1,,CHATS,,
416,STICKER SERIES AUTO DIGITAL (EV-812) - OUTER BOX,,(EV-812),STICKER - OUTER BOX,1,,CHATS,,
417,STICKER SERIES AUTO NORMAL (EV-812) - OUTER BOX,,(EV-812),STICKER - OUTER BOX,1,,CHATS,,
418,STICKER TP PANEL (EV-907) - OUTER BOX,.,(EV-907),STICKER - OUTER BOX,1,,CHATS,,
419,STICKER MU 2 STARDELTA - (EV-909) - OUTER BOX,,(EV-909),STICKER - OUTER BOX,1,,CHATS,,
420,STICKER MU G20 STARDELTA - OUTER BOX,,,STICKER - OUTER BOX,1,,CHATS,BHARGAV BHAI,
421,STICKER V3 1+1 STAND BY SUBMERSIBLE / MONOBLOCK + WLC (EV-911) OUTER BOX,,,STICKER - OUTER BOX,1,,CHATS,,
422,STICKER ANALOG DIGITAL - OUTER BOX,,,STICKER - OUTER BOX,1,,CHATS,,
423,STICKER V3 DRYRUN - 1 PH (S+T) - (EV-807A) - OUTER BOX,,,STICKER - OUTER BOX,1,,CHATS,,
424,STICKER V3 DRYRUN - 1 PH (S+S) FA - (EV-807B) - OUTER BOX,,,STICKER - OUTER BOX,1,,CHATS,,
425,SWITCH 2 PIN ROCKER (BLACK),,,SWITCH,50,,BOX,BHARGAV BHAI,
426,SWITCH 3 PIN ROCKER (RED),,,SWITCH,50,,BOX,,
427,SWITCH 6 PIN ROCKER (BLACK),,,SWITCH,50,,BOX,BHARGAV BHAI,
428,SWITCH AHD 2 GREEN,,,SWITCH,30,,BOX,BHARGAV BHAI,
429,SWITCH AHD 2 RED,.,,SWITCH,25,,BOX,UNI STAR(UNIVERSAL CABLE),
430,SWITCH DF GREEN,,,SWITCH,20,,BOX,DIGHE,
431,SWITCH DF RED,,,SWITCH,20,,BOX,UNI STAR(UNIVERSAL CABLE),
432,SWITCH FLOAT,,,SWITCH,1,,BOX,INDIAN BOX,
433,SWITCH GF 1 RED (BIG),,,SWITCH,20,,BOX,DIGHE,
434,SWITCH GF 2 GREEN (BIG),,,SWITCH,20,,BOX,DIGHE,
435,SWITCH KCD/JME 3PIN,.,,SWITCH,100,,PKT,UNI STAR(UNIVERSAL CABLE),
436,SWITCH MK1 (SHETKARI BUTTON),,,SWITCH,1,,PKT,INDIAN BOX,
437,SWITCH NAMO 2 PIN (RED),,,SWITCH,100,,PKT,LAXMI ENTERPRISES,
438,SWITCH NPB1 GREEN,,,SWITCH,100,,PKT,INDIAN BOX,
439,SWITCH NPB1 RED,,,SWITCH,100,,PKT,INDIAN BOX,
440,SWITCH PUSH BOTTON (PVB),,,SWITCH,100,,PKT,LAXMI ENTERPRISES,
441,SWITCH RED CRC DUMMY ON/OFF,,,SWITCH,1,,PKT,,
442,SWITCH RF S/W,,,SWITCH,1,,BOX,INDIAN BOX,
443,TAPE BROWN,,,TAPE,1,,ROLL,LAXMI ENTERPRISES,
444,TAPE STILGRIP,,,TAPE,1,,ROLL,INDIAN BOX,
445,TAPE TRANSPERANT,,,TAPE,1,,ROLL,INDIAN BOX,
446,TAPE VIRAT,,,TAPE,1,,ROLL,KHADE PATIL,
447,TRANSFORMER 230- 18 TX,.,,TRANSFORMER,30,,NO,KHADE PATIL,
448,TRANSFORMER 230-12/17 TX,,,TRANSFORMER,30,,NO,KHADE PATIL,
449,TRANSFORMER 230-17TX,.,,TRANSFORMER,30,,NO,KHADE PATIL,
450,TRANSFORMER 230-18 TX,,,TRANSFORMER,30,,NO,KHADE PATIL,
451,TRANSFORMER 415-20 TX,,,TRANSFORMER,30,,NO,KHADE PATIL,
452,TRANSFORMER 440-12/17 TX,.,,TRANSFORMER,30,,NO,KHADE PATIL,
453,TRANSFORMER 440-17 TX,,,TRANSFORMER,30,,NO,KHADE PATIL,
454,TRANSFORMER 440-17 TX,.,,TRANSFORMER,18,,NO,KHADE PATIL,
455,TRANSFORMER 440-18 TX,,,TRANSFORMER,23,,NO,ROSHNALI AND SONS,
456,TRANSFORMER 440-18 TX,,,TRANSFORMER,12,,NO,VIRAT BANGLORE OFFICE,
457,TRANSFORMER 440-18 TX,,,TRANSFORMER,23,,NO,,
458,TRANSFORMER 440-20 TX,,,TRANSFORMER,30,,NO,,
459,WIRE 1 CORE BLACK / BLUE - 1/18,,,WIRE,100,,MTR,,
460,WIRE 1 CORE WHITE - 4SQ MM,,,WIRE,18,,BOX,,
461,WIRE BLACK 0.5 SQ MM,,,WIRE,92,,MTR,,
462,WIRE BLACK 1 SQ MM,,,WIRE,92,,MTR,,
463,WIRE BLACK 2.5 SQ MM,,,WIRE,92,,MTR,,
464,WIRE BLACK 4 SQ MM,,,WIRE,92,,MTR,,
465,WIRE BLUE 0.5 SQ MM,,,WIRE,92,,MTR,,
466,WIRE GREEN 0.5 SQ MM,,,WIRE,92,,MTR,,
467,WIRE RED 0.5 SQ MM,,,WIRE,92,,MTR,,
468,WIRE RED 1 SQ MM,,,WIRE,92,,MTR,,
469,WIRE RED 2.5 SQ MM,,,WIRE,92,,MTR,,
470,WIRE RED 4 SQ MM - 14/38,,,WIRE,92,,MTR,,
471,WIRE WHITE 0.5 SQ MM,,,WIRE,92,,MTR,,
472,WIRE YELLOW 0.5 SQ MM,,,WIRE,92,,MTR,,
473,WIRE YELLOW 1 SQ MM,,,WIRE,92,,MTR,,
474,WIRE CONECTOR 2 PIN BLACK & BROWN WIRE,.,,WIRE CONECTOR,100,,PCS,,
475,WIRE CONECTOR 2 PIN BLUE WIRE,,,WIRE CONECTOR,100,,PCS,,
476,WIRE CONECTOR 2 PIN RED WIRE,,,WIRE CONECTOR,100,,PCS,,
477,WIRE CONECTOR 2 PIN WHITE WIRE,,,WIRE CONECTOR,100,,PCS,,
478,WIRE CONECTOR 3 PIN BLACK & BROWN WIRE,,,WIRE CONECTOR,100,,PCS,,
479,WIRE CONECTOR 4 PIN B/B/R/O WIRE,,,WIRE CONECTOR,100,,PCS,,
480,WYSER RED,,,WYSER,5000,,PKT,,
